{
    "name"              : "xStream",
    "plugin"            : "plugin.video.xstream",
    "priority"          : 500,
    "is_resolvable"     : "true",   
    "play_movie" 		:   [
								"plugin://plugin.video.xstream/?function=globalSearch&params=0&site=globalSearch&title=Global%20Suche&searchterm={title}",
									{"dialog": "true"}
							],
	"play_episode" 	    :   [
								"plugin://plugin.video.xstream/?function=globalSearch&params=0&site=globalSearch&title=Global%20Suche&searchterm={showname}",
									{"dialog": "true"}
							]										
}